Column 2,"Job title with ""senior"" removed",Renaming postgraduates
Senior Research Associate,research associate,postdoctoral researcher
Senior Research Associate,research associate,postdoctoral researcher
PhD Student,phd student,phd student
Senior Research Software Engineer,research software engineer,research software engineer
Postdoctoral researcher,postdoctoral researcher,postdoctoral researcher
Research Fellow,research fellow,postdoctoral researcher
Research Associate,research associate,postdoctoral researcher
Senior Technical Researcher,technical researcher,technical researcher
PDRA,pdra,pdra
Junior Research Software Engineer and Junior HPC Systems Administrator,junior research software engineer and junior hpc systems administrator,junior research software engineer and junior hpc systems administrator
Senior Software Scienitst,software scientist,software scientist
Senior Scientific Software Engineer,scientific software engineer,scientific software engineer
Research Software Engineer,research software engineer,research software engineer
Software Developer,software developer,software developer
Data Warehouse Manager,data warehouse manager,data warehouse manager
Software Engineer,software engineer,software engineer
Research Associate,research associate,postdoctoral researcher
Research Associate,research associate,postdoctoral researcher
Architect,architect,architect
Senior Data Manager,data manager,data manager
Senior Computational Scientist,computational scientist,computational scientist
Software Engineer,software engineer,software engineer
Developer,developer,developer
Research Software Enginnering Specialist,research software enginnering specialist,research software enginnering specialist
Full-stack software engineer,full-stack software engineer,full-stack software engineer
PDRA,pdra,pdra
Devops engineer/systems administrator,devops engineer/systems administrator,devops engineer/systems administrator
Cloud Applications Architect,cloud applications architect,cloud applications architect
Computer Officer,computer officer,computer officer
Bioinformatics Developer,bioinformatics developer,bioinformatics developer
Software Development Engineer,software development engineer,software development engineer
Senior Research Fellow,research fellow,postdoctoral researcher
PhD Student,phd student,phd student
Scientific Programmer,scientific programmer,scientific programmer
Senior Research Scientist,research scientist,research scientist
Senior Software Developer,software developer,software developer
Senior Research Software Architect,research software architect,research software architect
Senior Research Software Engineer,research software engineer,research software engineer
Research Software Specialist,research software specialist,research software specialist
Lecturer,lecturer,lecturer
Senior Post-Doctoral Research Associate,postdoctoral researcher,postdoctoral researcher
Software Developer,software developer,software developer
Software Engineer,software engineer,software engineer
Software Developer,software developer,software developer
Software Developer,software developer,software developer
Computer Officer,computer officer,computer officer
PhD Student,phd student,phd student
Research Software Engineer,research software engineer,research software engineer
Data Analyst & Software Developer,data analyst & software developer,data analyst & software developer
Research Software Developer,research software developer,research software developer
Software Developer,software developer,software developer
Research Associate,research associate,postdoctoral researcher
Senior Scientific Computing Officer,scientific computing officer,scientific computing officer
Backend Software Developer,backend software developer,backend software developer
Postdoctoral researcher,postdoctoral researcher,postdoctoral researcher
Senior Research Fellow,research fellow,postdoctoral researcher
Postdoctoral researcher,postdoctoral researcher,postdoctoral researcher
Senior Software Engineer,software engineer,software engineer
Software Architect,software architect,software architect
Research Relationship Manager,research relationship manager,research relationship manager
PhD Student,phd student,phd student
Research software engineer associate,research software engineer associate,research software engineer associate
Associate Professor,associate professor,associate professor
Project Manager,project manager,project manager
Computational Statistician,computational statistician,computational statistician
Postdoctoral researcher,postdoctoral researcher,postdoctoral researcher
Applications Consultant,applications consultant,applications consultant
Research Software Engineer,research software engineer,research software engineer
EngD student,engd student,engd student
Computing Officer,computing officer,computing officer
Research Software Engineer,research software engineer,research software engineer
Design/development engineer,design/development engineer,design/development engineer
Research Engineer,research engineer,research engineer
Student,student,student
Data Architect,data architect,data architect
Computing Programmer,computing programmer,computing programmer
Research Associate,research associate,postdoctoral researcher
Applications Developer,applications developer,applications developer
Software Developer,software developer,software developer
Data Management Support Officer,data management support officer,data management support officer
Computing Officer,computing officer,computing officer
Postdoctoral researcher,postdoctoral researcher,postdoctoral researcher
Informatics Co-ordinator,informatics co-ordinator,informatics co-ordinator
Image computing scientist,image computing scientist,image computing scientist
Experimental Officer for Image Processing,experimental officer for image processing,experimental officer for image processing
Applications Consultant,applications consultant,applications consultant
Research fellow and technical officer,research fellow and technical officer,research fellow and technical officer
Research Fellow,research fellow,postdoctoral researcher
Senior Software Developer,software developer,software developer
Research Assistant,research assistant,postdoctoral researcher
Senior Research Fellow,research fellow,postdoctoral researcher
Senior Research Fellow,research fellow,postdoctoral researcher
Research Associate,research associate,postdoctoral researcher
Senior Lecturer,lecturer,lecturer
Scientist,scientist,scientist
Research Software Engineer,research software engineer,research software engineer
Research Fellow,research fellow,postdoctoral researcher
Research Software Engineering and Applications Manager,research software engineering and applications manager,research software engineering and applications manager
Research Fellow,research fellow,postdoctoral researcher
Research Fellow,research fellow,postdoctoral researcher
Bioinformatician,bioinformatician,bioinformatician
Senior Research Engineer,research engineer,research engineer
Research Fellow,research fellow,postdoctoral researcher
PhD Student,phd student,phd student
Research Engineer,research engineer,research engineer
Research Software Developer,research software developer,research software developer
Data Infrastructure Group Leader,data infrastructure group leader,data infrastructure group leader
Research Software Engineer,research software engineer,research software engineer
development assistant,development assistant,development assistant
Research Software Engineer,research software engineer,research software engineer
Research Software Engineer,research software engineer,research software engineer
Research Software Engineer,research software engineer,research software engineer
Research Software Engineer,research software engineer,research software engineer
RSE,research software engineer,research software engineer
Scientific Systems Manager,scientific systems manager,scientific systems manager
Software Architect,software architect,software architect
computer technician,computer technician,computer technician
Research Software Engineer,research software engineer,research software engineer
Scientific Computing Laboratory Manager,scientific computing laboratory manager,scientific computing laboratory manager
Research Associate,research associate,postdoctoral researcher
Research Associate,research associate,postdoctoral researcher
Computer Programmer,computer programmer,computer programmer
Software Developer,software developer,software developer
Computational Software Engineer,computational software engineer,computational software engineer
Physicist Responsible Officer,physicist responsible officer,physicist responsible officer
Research Fellow,research fellow,postdoctoral researcher
PhD student (University of Liverpool),phd student (university of liverpool),phd student (university of liverpool)
Software/Control Engineer,software/control engineer,software/control engineer
Senior Radiation and Transport Analyst,radiation and transport analyst,radiation and transport analyst
Research Scientist,research scientist,research scientist
Software technician,software technician,software technician
Data manager and land use analyst,data manager and land use analyst,data manager and land use analyst
E-Infrastructure Integration Specialist - Technology and Science Integration,e-infrastructure integration specialist - technology and science integration,e-infrastructure integration specialist - technology and science integration
Senior Research Associate,research associate,postdoctoral researcher
Research Engineer,research engineer,research engineer
Computational Scientist,computational scientist,computational scientist
Senior Academic Fellow,academic fellow,academic fellow
Technical Officer,technical officer,technical officer
PhD Student,phd student,phd student
Materials Researcher,materials researcher,materials researcher
"Invited Auxiliar Researcher (Portugal), Chain1 Code Manager (UKAEA)","invited auxiliar researcher (portugal), chain1 code manager (ukaea)","invited auxiliar researcher (portugal), chain1 code manager (ukaea)"
Senior Research Software Engineer,research software engineer,research software engineer
Computational Scientist,computational scientist,computational scientist
EPSRC Research Software Engineer Fellow,epsrc research software engineer fellow,epsrc research software engineer fellow
IT Specialist,it specialist,it specialist
Scientific Programmer,scientific programmer,scientific programmer
Development Engineer,development engineer,development engineer
Data Analyst,data analyst,data analyst
Technical Head of CEMAC,technical head of cemac,technical head of cemac
Research Fellow,research fellow,postdoctoral researcher
Remote Sensing Scientist,remote sensing scientist,remote sensing scientist
Software Engineering Group Leader,software engineering group leader,software engineering group leader
Reader,reader,reader
Head of Research Software Development,head of research software development,head of research software development
Senior Software Developer,software developer,software developer
Head of Research Software Development,head of research software development,head of research software development
Senior Research Software Developer,research software developer,research software developer
Deputy Director,deputy director,deputy director
Senior Research Associate,research associate,postdoctoral researcher
Senior Computational Scientist,computational scientist,computational scientist
Research Associate,research associate,postdoctoral researcher
Research/Teaching Fellow in Flight Data,research/teaching fellow in flight data,research/teaching fellow in flight data
Senior Experimental Officer,experimental officer,experimental officer
Senior Lecturer,lecturer,lecturer
Computational Scientist,computational scientist,computational scientist
Senior Software Developer,software developer,software developer
Scientific Systems Manager,scientific systems manager,scientific systems manager
Applications Consultant,applications consultant,applications consultant
Research Assistant,research assistant,postdoctoral researcher
Research Associate,research associate,postdoctoral researcher
Bioinformatician / Computational Biologist,bioinformatician / computational biologist,bioinformatician / computational biologist
PhD Student,phd student,phd student
Lecturer,lecturer,lecturer
Member of Technical Staff,member of technical staff,member of technical staff
Research Associate,research associate,postdoctoral researcher
PhD Student,phd student,phd student
Software Engineer,software engineer,software engineer
Research Software Engineer,research software engineer,research software engineer
Bioinformatics and Web Services Specialist,bioinformatics and web services specialist,bioinformatics and web services specialist
Code development section leader,code development section leader,code development section leader
Visiting Researcher,visiting researcher,visiting researcher
Scientific Software Engineer,scientific software engineer,scientific software engineer
Research Associate,research associate,postdoctoral researcher
Research Software Engineer,research software engineer,research software engineer
Advanced Research Computing Officer,advanced research computing officer,advanced research computing officer
Postdoctoral researcher,postdoctoral researcher,postdoctoral researcher
Postdoctoral researcher,postdoctoral researcher,postdoctoral researcher
Analyst / Developer,analyst / developer,analyst / developer
Senior Research Fellow,research fellow,postdoctoral researcher
University Academic Fellow,university academic fellow,university academic fellow
Lecturer,lecturer,lecturer
Computational Physics Research Officer (though soon to be Research Software Engineer!),computational physics research officer (though soon to be research software engineer!),computational physics research officer (though soon to be research software engineer!)
learning technologist manager,learning technologist manager,learning technologist manager
Project Manager,project manager,project manager
Research Associate,research associate,postdoctoral researcher
Director,director,director
Senior web developer,web developer,web developer
Computer Officer,computer officer,computer officer
Lecturer,lecturer,lecturer
Senior Lecturer,lecturer,lecturer
Postdoctoral researcher,postdoctoral researcher,postdoctoral researcher
Research Fellow,research fellow,postdoctoral researcher
Research Associate,research associate,postdoctoral researcher
Research Associate,research associate,postdoctoral researcher
Senior Software Engineer,software engineer,software engineer
Scientist,scientist,scientist
Research Software Engineer,research software engineer,research software engineer
Senior Research Software Developer,research software developer,research software developer
Software Engineer,software engineer,software engineer
Research Fellow,research fellow,postdoctoral researcher
computational science specialist,computational science specialist,computational science specialist
Modelling Officer,modelling officer,modelling officer
Senior Research Engineer,research engineer,research engineer
Principal Scientist,principal scientist,principal scientist
Computational Scientist,computational scientist,computational scientist
Ceo,ceo,ceo
Scientific Software Engineer,scientific software engineer,scientific software engineer
Senior Software Developer,software developer,software developer
Professor,professor,professor
Data and Coding Section Leader,data and coding section leader,data and coding section leader
Real-time software & control developer,real-time software & control developer,real-time software & control developer
microwave physicist,microwave physicist,microwave physicist
Senior Engineering Analyst,engineering analyst,engineering analyst
Senior Software Engineer,software engineer,software engineer
Mechatroinics Engineer,mechatroinics engineer,mechatroinics engineer
Research Scientist,research scientist,research scientist
Research Fellow,research fellow,postdoctoral researcher
Project Scientist,project scientist,project scientist
Project Scientist,project scientist,project scientist
Postdoctoral researcher,postdoctoral researcher,postdoctoral researcher
Computational Scientist,computational scientist,computational scientist
Unit Head,unit head,unit head
Can't remember,can't remember,can't remember
Applications Developer,applications developer,applications developer
Research IT Manager,research it manager,research it manager
Research Associate,research associate,postdoctoral researcher
EPSRC Research Software Engineer Fellow,epsrc research software engineer fellow,epsrc research software engineer fellow
Scientific Software Engineer,scientific software engineer,scientific software engineer
CCP4 Group Leader,ccp4 group leader,ccp4 group leader
Scientific Software Engineer,scientific software engineer,scientific software engineer
IT Specialist,it specialist,it specialist
Senior Research Associate,research associate,postdoctoral researcher
